<?xml version="1.0" encoding="UTF-8"?>
<beans:beans xmlns="http://www.springframework.org/schema/mvc"
	xmlns:xsi="http://www.w3.org/2001/XMLSchema-instance"
	xmlns:beans="http://www.springframework.org/schema/beans"
	xmlns:context="http://www.springframework.org/schema/context"
	xsi:schemaLocation="http://www.springframework.org/schema/mvc https://www.springframework.org/schema/mvc/spring-mvc.xsd
		http://www.springframework.org/schema/beans https://www.springframework.org/schema/beans/spring-beans.xsd
		http://www.springframework.org/schema/context https://www.springframework.org/schema/context/spring-context.xsd">

	<!-- DispatcherServlet Context: defines this servlet's request-processing infrastructure -->
	
	<!-- Enables the Spring MVC @Controller programming model -->
	<annotation-driven />

	<!-- 정적 서비스 자원(static resources: js, css, imgs 등)은 webapp/resources directory에서 관리한다. -->
	<resources mapping="/resources/**" location="/resources/" />

		
	<!-- Controller에서 응답 JSP 파일을 선택할 때 사용하는 경로(/WEB-INF/views directory)와 파일 확장자명(.jsp)을 설정 -->
	<beans:bean class="org.springframework.web.servlet.view.InternalResourceViewResolver">
		<beans:property name="prefix" value="/WEB-INF/views/" /><!-- jsp 파일이 저장된 경로를 설정 -->
		<beans:property name="suffix" value=".jsp" /><!-- 파일의 확장자명을 설정 -->
	</beans:bean>
	
	<!-- 첨부 파일 업로드 및 CKEditor 이미지 업로드 경로 설정, 스프링 프로젝트의 src/main/webapp/resources에 upload 폴더를 생성한다. -->
	<resources mapping="/libraryUploadImg/**" location="file:///C:/all-in-one/workspace/bookrental/src/main/webapp/upload" />
	
	
	<!-- 첨부 파일 업로드 및 CKEditor 이미지 업로드 구현 -->
	<beans:bean id="multipartResolver" class="org.springframework.web.multipart.commons.CommonsMultipartResolver">
		<beans:property name="maxUploadSize" value="524288000" /><!-- 500MB : 1024 x 1024 x 500 -->
		<beans:property name="maxUploadSizePerFile" value="104857600" /><!-- 100MB -->
		<beans:property name="defaultEncoding" value="utf-8" />
		<beans:property name="uploadTempDir" value="file:/C:/upload/temp" />
		<beans:property name="maxInMemorySize" value="524288000" /><!-- 500MB -->
	</beans:bean>
	

	<context:component-scan base-package="org.finework.controller" />
	<context:component-scan base-package="org.finework.emp.member"/>
	<context:component-scan base-package="org.finework.emp.resume"/>
	<context:component-scan base-package="org.finework.statics"/>
	<context:component-scan base-package="org.finework.staff"/>
	<context:component-scan base-package="org.finework.staff.member"/>
	<context:component-scan base-package="org.finework.com.member"/>
	<context:component-scan base-package="org.finework.com.notice"/>
	
	
	
</beans:beans>










