<?xml version="1.0" encoding="UTF-8"?>
<!DOCTYPE mapper
  PUBLIC "-//mybatis.org//DTD Mapper 3.0//EN"
  "http://mybatis.org/dtd/mybatis-3-mapper.dtd">

<mapper namespace="org.finework.mappers.commember">

	<!-- 아이디 중복 확인 -->
	<select id="idcheck" parameterType="String" resultType="org.finework.com.member.ComMemberVO">
		select *
		from com_member
		where com_id = #{com_id}
	</select>

	<!-- 회원가입 -->
	<insert id="register" parameterType="org.finework.com.member.ComMemberVO">
		insert into com_member (
			com_id,
			com_pwd,
			com_name,
			com_phone,
			com_company_name,
			com_email,
			com_addr,
			com_employees,
			com_reg_date,
			com_mod_date
		) values (
			#{com_id},
			#{com_pwd},
			#{com_name},
			#{com_phone},
			#{com_company_name},
			#{com_email},
			#{com_addr},
			#{com_employees},
			now(),
			now()
		)
	</insert>

	<!-- 로그인 -->
	<select id="login" parameterType="String" resultType="org.finework.com.member.ComMemberVO">
		select *
		from com_member
		where com_id = #{com_id} AND com_type = 1
	</select>
		
		
		<!-- 아이디 찾기: 회사명 + 이메일 기준 -->
	<select id="idFind" parameterType="org.finework.com.member.ComMemberVO" resultType="org.finework.com.member.ComMemberVO">
	    SELECT com_id
	    FROM com_member
	    WHERE com_company_name = #{com_company_name} AND com_email = #{com_email}
	</select>
	
	<!-- 비밀번호 찾기: 아이디 + 이메일 기준 -->
	<select id="com_pwd_find" parameterType="org.finework.com.member.ComMemberVO" resultType="org.finework.com.member.ComMemberVO">
	    SELECT com_id
	    FROM com_member
	    WHERE com_id = #{com_id} AND com_email = #{com_email}
	</select>
	
 	<!-- 마이페이지/비밀번호 변경 공용 -->	
	<select id="getCom" parameterType="String" resultType="org.finework.com.member.ComMemberVO">
	    SELECT *
	    FROM com_member
	    WHERE com_id = #{com_id}
	</select>
	
	<!-- 비밀번호 재설정 -->
	<update id="resetPwd" parameterType="org.finework.com.member.ComMemberVO">
	    UPDATE com_member
	    SET com_pwd = #{com_pwd},
	        com_mod_date = NOW()
	    WHERE com_id = #{com_id}
	</update>
		
	  <!-- 정보 수정 -->
    <update id="modify" parameterType="org.finework.com.member.ComMemberVO">
        UPDATE com_member
        SET 
            com_name = #{com_name},
            com_phone = #{com_phone},
            com_company_name = #{com_company_name},
            com_email = #{com_email},
            com_addr = #{com_addr},
            com_employees = #{com_employees},
            com_mod_date = NOW()
        WHERE com_id = #{com_id}
    </update>
    
   	<update id="delete" parameterType="String">
		update com_member set
			com_type = 0
			,com_mod_date = now()
		where com_id = #{com_id}
	</update>
    
	<!--우편번호 검색 기능 -->
	<select id="getAddrList" resultType="org.finework.com.member.AddressVO">
    SELECT * FROM tbl_zipcode
    WHERE area3 LIKE CONCAT('%', #{area3}, '%')
	</select>
	
	
</mapper>