<?xml version="1.0" encoding="UTF-8"?>
<!DOCTYPE mapper
  PUBLIC "-//mybatis.org//DTD Mapper 3.0//EN"
  "http://mybatis.org/dtd/mybatis-3-mapper.dtd">
  
<mapper namespace="org.finework.mapper.ComNoticeMapper">

	<select id="getNoticeList"  resultType="org.finework.controller.NoticeVO">
	   SELECT *
	   FROM com_notice
	</select>

    <!-- 등록 -->
    <insert id="register" parameterType="org.finework.com.notice.ComNoticeVO">
        INSERT INTO com_notice (
            com_id
            , com_addr
            , com_business
            , com_title
            , com_location
            , com_salary_amount
            , com_period
            , com_schedule
            ,com_industry
            , com_jobtype
            , com_end_date
            , com_school
            , com_recruit_count
            , com_career
            , com_military_status
            , com_intro
            , com_contact
            , com_contact_tel
            , com_contact_email
            , com_notice_reg_date
            , com_notice_mod_date
        ) VALUES (
            #{com_id}
            , #{com_addr}
            , #{com_business}
            , #{com_title}
            , #{com_location}
            , #{com_salary_amount}
            , #{com_period}
            , #{com_schedule}
            , #{com_industry}
            , #{com_jobtype}
            , #{com_end_date}
            , #{com_school}
            , #{com_recruit_count}
            , #{com_career}
            , #{com_military_status}
            , #{com_intro}
            , #{com_contact}
            , #{com_contact_tel}
            , #{com_contact_email}
            , now()
            , now()
        )
    </insert>

    <!-- 단건 조회 (기본키 기준) -->
    <select id="getNotice" parameterType="int" resultType="org.finework.com.notice.ComNoticeVO">
        SELECT * 
        FROM com_notice 
        WHERE com_notice_id = #{com_notice_id}
    </select>

    <!-- 전체 목록 조회 -->
      <select id="getListByComId" parameterType="string" resultType="org.finework.com.notice.ComNoticeVO">
        SELECT * FROM com_notice
        WHERE com_id = #{com_id}
        ORDER BY com_end_date DESC
    </select>

    <!-- 검색 포함 목록 조회 -->
    <select id="searchList" parameterType="string" resultType="org.finework.com.notice.ComNoticeVO">
        SELECT * 
        FROM com_notice
        WHERE com_title LIKE CONCAT('%', #{keyword}, '%')
           OR com_location LIKE CONCAT('%', #{keyword}, '%')
           OR com_business LIKE CONCAT('%', #{keyword}, '%')
        ORDER BY com_end_date DESC
    </select>

    <!-- 수정 -->
    <update id="modify" parameterType="org.finework.com.notice.ComNoticeVO">
        UPDATE com_notice
        SET
            com_addr = #{com_addr},
            com_business = #{com_business},
            com_title = #{com_title},
            com_location = #{com_location},
            com_salary_amount = #{com_salary_amount},
            com_period = #{com_period},
            com_schedule = #{com_schedule},
            com_industry = #{com_industry},
            com_jobtype = #{com_jobtype},
            com_end_date = #{com_end_date},
            com_school = #{com_school},
            com_recruit_count = #{com_recruit_count},
            com_career = #{com_career},
            com_military_status = #{com_military_status},
            com_intro = #{com_intro},
            com_contact = #{com_contact},
            com_contact_tel = #{com_contact_tel},
            com_contact_email = #{com_contact_email},
            com_notice_mod_date = now()
        WHERE com_notice_id = #{com_notice_id}
    </update>

    <!-- 삭제 -->
	<delete id="delete" parameterType="int">
		DELETE FROM com_notice
		WHERE com_notice_id = #{com_notice_id}
	</delete>

</mapper>
