<?xml version="1.0" encoding="UTF-8"?>
<!DOCTYPE mapper
  PUBLIC "-//mybatis.org//DTD Mapper 3.0//EN"
  "http://mybatis.org/dtd/mybatis-3-mapper.dtd">

<mapper namespace="org.finework.mappers.empmember">

	<insert id="register" parameterType="org.finework.emp.member.EmpMemberVO" >
		insert into emp_member(
			emp_id
			, emp_pwd
			, emp_nickname
			, emp_birth
			, emp_name
			, emp_phone
			, emp_email
			, emp_addr
			, emp_reg_date
			, emp_mod_date
		) value (
			#{emp_id}
			, #{emp_pwd}
			, #{emp_nickname}
			, #{emp_birth}
			, #{emp_name}
			, #{emp_phone}
			, #{emp_email}
			, #{emp_addr}
			, now()
			, now()
		)
	</insert>

	<select id="idcheck" parameterType="String" resultType="org.finework.emp.member.EmpMemberVO">
		select *
		from emp_member
		where emp_id = #{emp_id}
	</select>
	
	<select id="nickcheck" parameterType="String" resultType="org.finework.emp.member.EmpMemberVO">
		select *
		from emp_member
		where emp_nickname = #{emp_nickname}
	</select>
	
	<select id="login" parameterType="String" resultType="org.finework.emp.member.EmpMemberVO">
		select *
		from emp_member
		where emp_id = #{emp_id} AND emp_type = 1
	</select>

	<select id="getList"  resultType="org.finework.emp.member.EmpMemberVO">
		select *
		from emp_member
	</select>
	
	<update id="setApproval" parameterType="String">
		update emp_member set
			emp_approval = 1
			,emp_mod_date = now()
		where emp_id = #{emp_id}
	</update>
	
	<select id="getEmp"  parameterType="String" resultType="org.finework.emp.member.EmpMemberVO">
		select *
		from emp_member
		where emp_id = #{emp_id}
	</select>
	
	<update id="emp_modify" parameterType="org.finework.emp.member.EmpMemberVO">
		update emp_member set
			emp_id = #{emp_id}
			, emp_nickname = #{emp_nickname}
			, emp_birth = #{emp_birth}
			, emp_name = #{emp_name}
			, emp_phone = #{emp_phone}
			, emp_email = #{emp_email}
			, emp_addr = #{emp_addr}
			, emp_mod_date = now()
		where emp_id = #{emp_id}
	</update>
		
	<select id="emp_id_find" parameterType="org.finework.emp.member.EmpMemberVO" resultType="org.finework.emp.member.EmpMemberVO">
	    SELECT emp_id
	    FROM emp_member
	    WHERE emp_name = #{emp_name} AND emp_email = #{emp_email}
	</select>
	
	<select id="emp_pwd_find" parameterType="org.finework.emp.member.EmpMemberVO" resultType="org.finework.emp.member.EmpMemberVO">
	    SELECT emp_id
	    FROM emp_member
	    WHERE emp_id = #{emp_id} AND emp_email = #{emp_email}
	</select>
		
	<update id="resetPwd" parameterType="org.finework.emp.member.EmpMemberVO">
		update emp_member set
			emp_pwd = #{emp_pwd}
			, emp_mod_date = now()
		where emp_id = #{emp_id}
	</update>
		
	<update id="delete" parameterType="String">
		update emp_member set
			emp_type = 0
			,emp_mod_date = now()
		where emp_id = #{emp_id}
	</update>
	
	<select id="getAddrList" resultType="org.finework.emp.member.AddressVO">
	    SELECT * FROM tbl_zipcode
	    WHERE area3 LIKE CONCAT('%', #{area3}, '%')
	</select>
	
</mapper>











