<?xml version="1.0" encoding="UTF-8"?>
<!DOCTYPE mapper
  PUBLIC "-//mybatis.org//DTD Mapper 3.0//EN"
  "http://mybatis.org/dtd/mybatis-3-mapper.dtd">

<mapper namespace="org.finework.mappers.emp.resume">
<!-- JSP 파일과 맵핑 -->
	
	<insert id="register" parameterType="org.finework.emp.resume.EmpResumeVO" >
		insert into emp_resume(
			emp_id
			, emp_school_state
			, emp_highschool_name	
			, emp_highschool_grad
			, emp_univer_name_major
			, emp_univer_grad
			, emp_gradschool_name_degree_major
			, emp_gradschool_grad
			, emp_career
			, emp_career_info
			, emp_location
			, emp_industry
			, emp_period
			, emp_schedule
			, emp_salary_amount
			, emp_intro
			, emp_license_info
			, emp_military_status
			, emp_resume_reg_date
			, emp_resume_mod_date
		) value (
			#{emp_id}
			, #{emp_school_state}
			, #{emp_highschool_name}
			, #{emp_highschool_grad}
			, #{emp_univer_name_major}
			, #{emp_univer_grad}
			, #{emp_gradschool_name_degree_major}
			, #{emp_gradschool_grad}
			, #{emp_career}
			, #{emp_career_info}
			, #{emp_location}
			, #{emp_industry}
			, #{emp_period}
			, #{emp_schedule}
			, #{emp_salary_amount}
			, #{emp_intro}
			, #{emp_license_info}
			, #{emp_military_status}
			, now()
			, now()
		)
	</insert>
	
	<select id="getResume"  parameterType="int" resultType="org.finework.emp.resume.EmpResumeVO">
		select *
		from emp_resume
		where emp_resume_num = #{emp_resume_num}
	</select>
	
	<select id="getResumeList" parameterType="String"  resultType="org.finework.emp.resume.EmpResumeVO">
		select * from emp_resume where emp_id = #{emp_id}
	</select>
	
	<update id="resume_modify" parameterType="org.finework.emp.resume.EmpResumeVO">
		update emp_resume set
			emp_school_state = #{emp_school_state}
			, emp_highschool_name = #{emp_highschool_name}
			, emp_highschool_grad = #{emp_highschool_grad}
			, emp_univer_name_major = #{emp_univer_name_major}
			, emp_univer_grad = #{emp_univer_grad}
			, emp_gradschool_name_degree_major = #{emp_gradschool_name_degree_major}
			, emp_gradschool_grad = #{emp_gradschool_grad}
			, emp_career = #{emp_career}
			, emp_career_info = #{emp_career_info}
			, emp_location = #{emp_location}
			, emp_industry = #{emp_industry}
			, emp_period = #{emp_period}
			, emp_schedule = #{emp_schedule}
			, emp_salary_amount = #{emp_salary_amount}
			, emp_intro = #{emp_intro}
			, emp_license_info =  #{emp_license_info}
			, emp_military_status = #{emp_military_status}
			, emp_resume_mod_date = now()
		where emp_resume_num = #{emp_resume_num}
	</update>

	<delete id="resume_delete" parameterType="int">
		DELETE FROM emp_resume
		WHERE emp_resume_num = #{emp_resume_num}
	</delete>
	
</mapper>











