<?xml version="1.0" encoding="UTF-8"?>
<!DOCTYPE mapper
  PUBLIC "-//mybatis.org//DTD Mapper 3.0//EN"
  "http://mybatis.org/dtd/mybatis-3-mapper.dtd">

<mapper namespace="org.finework.mappers.staffmember">

	<select id="idcheck" parameterType="String" resultType="org.finework.staff.member.StaffMemberVO">
		select * from staff_member
		where staff_id = #{staff_id}
	</select>
	
	<insert id="register" parameterType="org.finework.staff.member.StaffMemberVO">
		insert into staff_member (
			staff_id
			, staff_pwd
			, staff_name
			, staff_gender
			, staff_phone
			, staff_email
			, staff_part
			, staff_pos
			, staff_approval
			, staff_reg_date
			, staff_mod_date
		) values (
			#{staff_id}
			, #{staff_pwd}
			, #{staff_name}
			, #{staff_gender}
			, #{staff_phone}
			, #{staff_email}
			, #{staff_part}
			, #{staff_pos}		
			, #{staff_approval}
			, now()
			, now()
		)
	</insert>
	
	<select id="login" parameterType="org.finework.staff.member.StaffMemberVO" resultType="org.finework.staff.member.StaffMemberVO">
		select * from staff_member
		where staff_id = #{staff_id}
	</select>
	
	<select id="getStaffList" resultType="org.finework.staff.member.StaffMemberVO">
		select * from staff_member
	</select>
	
	<select id="getPartList" resultType="org.finework.staff.member.StaffMemberVO">
		select * from staff_member
		where staff_part = #{staff_part}
	</select>
	
	<update id="setApproval" parameterType="String">
		update staff_member set
			staff_approval = 1
		where staff_id = #{staff_id}
	</update>
	
		<update id="cancellApproval" parameterType="String">
		update staff_member set
			staff_approval = 0
		where staff_id = #{staff_id}
	</update>
	
	<select id="getStaff" parameterType="String" resultType="org.finework.staff.member.StaffMemberVO">
		select * from staff_member
		where staff_id = #{staff_id}
	</select>
	
	<update id="modify" parameterType="org.finework.staff.member.StaffMemberVO">
		update staff_member set
			staff_name = #{staff_name}
			, staff_gender = #{staff_gender}
			, staff_email = #{staff_email}
			, staff_phone = #{staff_phone}
			, staff_mod_date = now()
		where staff_id = #{staff_id}
	</update>
	
	<update id="admModify" parameterType="org.finework.staff.member.StaffMemberVO">
		update staff_member set
			staff_name = #{staff_name}
			, staff_gender = #{staff_gender}
			, staff_phone = #{staff_phone}
			, staff_email = #{staff_email}
			, staff_part = #{staff_part}
			, staff_pos = #{staff_pos}
			, staff_mod_date = now()
		where staff_id = #{staff_id}
	</update>
	
	<update id="resetPwd" parameterType="org.finework.staff.member.StaffMemberVO">
		update staff_member set
			staff_pwd = #{staff_pwd}
			, staff_mod_date = now()
		where staff_id = #{staff_id}
	</update>
	
	<select id="getEmpList" resultType="org.finework.staff.member.EmpMemberVO">
		select * from emp_member
	</select>
	
	<select id="getComList" resultType="org.finework.staff.member.ComMemberVO">
		select * from com_member
	</select>
	
	<select id="getNoticeList" resultType="org.finework.staff.member.ComNoticeVO">
		select * from com_notice
	</select>
	
	<select id="getResumeList" resultType="org.finework.staff.member.EmpResumeVO">
		select * from emp_resume
	</select>
	
	<update id="emp_type_on" parameterType="String">
		update emp_member set
			emp_type = 1
			, emp_mod_date = now()
		where emp_id = #{emp_id}
	</update>
	
	<update id="com_type_on" parameterType="String">
		update com_member set
			com_type = 1
			, com_mod_date = now()
		where com_id = #{com_id}
	</update>

</mapper>





















